Time,Temperature,Voltage_terminal,SOC,V1,Charge_Current,Capacity,R0,R1,C1
0,25.033333,2.505663,0.002794,-0.000084,-4.076110,4.076110,0.00005885,0.01145916,4846.080679
10,25.363675,2.782112,0.280572,-0.007768,-4.076110,4.076110,0.00005891,0.01147051,4846.080679
20,25.688552,2.876876,0.558350,-0.014188,-4.076110,4.076110,0.00005896,0.01148168,4846.080679
30,26.008055,2.940111,0.836127,-0.019554,-4.076110,4.076110,0.00005902,0.01149266,4846.080679
40,26.322272,2.991530,1.113905,-0.024042,-4.076110,4.076110,0.00005908,0.01150347,4846.080679
50,26.631292,3.035891,1.391683,-0.027796,-4.076110,4.076110,0.00005913,0.01151409,4846.080679
60,26.935200,3.074422,1.669461,-0.030938,-4.076110,4.076110,0.00005918,0.01152453,4846.080679
70,27.234081,3.108373,1.947239,-0.033570,-4.076110,4.076110,0.00005924,0.01153481,4846.080679
80,27.528018,3.138863,2.225016,-0.035776,-4.076110,4.076110,0.00005929,0.01154491,4846.080679
90,27.817092,3.166188,2.502794,-0.037625,-4.076110,4.076110,0.00005934,0.01155485,4846.080679
100,28.101384,3.191251,2.780572,-0.039178,-4.076110,4.076110,0.00005939,0.01156462,4846.080679
110,28.380974,3.214563,3.058350,-0.040482,-4.076110,4.076110,0.00005944,0.01157423,4846.080679
120,28.655939,3.235665,3.336127,-0.041578,-4.076110,4.076110,0.00005949,0.01158368,4846.080679
130,28.926355,3.255167,3.613905,-0.042501,-4.076110,4.076110,0.00005954,0.01159298,4846.080679
140,29.192298,3.273910,3.891683,-0.043280,-4.076110,4.076110,0.00005958,0.01160212,4846.080679
150,29.453841,3.291325,4.169461,-0.043936,-4.076110,4.076110,0.00005963,0.01161111,4846.080679
160,29.711058,3.307112,4.447239,-0.044492,-4.076110,4.076110,0.00005967,0.01161995,4846.080679
170,29.964021,3.322431,4.725016,-0.044962,-4.076110,4.076110,0.00005972,0.01162865,4846.080679
180,30.212798,3.336764,5.002794,-0.045362,-4.076110,4.076110,0.00005976,0.01163720,4846.080679
190,30.457461,3.350057,5.280572,-0.045701,-4.076110,4.076110,0.00005981,0.01164561,4846.080679
200,30.698076,3.363148,5.558350,-0.045991,-4.076110,4.076110,0.00005985,0.01165388,4846.080679
210,30.934711,3.374907,5.836127,-0.046240,-4.076110,4.076110,0.00005989,0.01166201,4846.080679
220,31.167432,3.386317,6.113905,-0.046453,-4.076110,4.076110,0.00005993,0.01167001,4846.080679
230,31.396302,3.396720,6.391683,-0.046636,-4.076110,4.076110,0.00005997,0.01167788,4846.080679
240,31.621387,3.405751,6.669461,-0.046795,-4.076110,4.076110,0.00006001,0.01168562,4846.080679
250,31.842749,3.413819,6.947239,-0.046934,-4.076110,4.076110,0.00006005,0.01169323,4846.080679
260,32.060448,3.419618,7.225016,-0.047054,-4.076110,4.076110,0.00006009,0.01170071,4846.080679
270,32.274547,3.423553,7.502794,-0.047160,-4.076110,4.076110,0.00006013,0.01170807,4846.080679
280,32.485104,3.426386,7.780572,-0.047254,-4.076110,4.076110,0.00006016,0.01171531,4846.080679
290,32.692177,3.428996,8.058350,-0.047337,-4.076110,4.076110,0.00006020,0.01172242,4846.080679
300,32.895826,3.430849,8.336127,-0.047412,-4.076110,4.076110,0.00006024,0.01172942,4846.080679
310,33.096105,3.432643,8.613905,-0.047478,-4.076110,4.076110,0.00006027,0.01173631,4846.080679
320,33.293072,3.434626,8.891683,-0.047539,-4.076110,4.076110,0.00006031,0.01174308,4846.080679
330,33.486780,3.436355,9.169461,-0.047594,-4.076110,4.076110,0.00006034,0.01174974,4846.080679
340,33.677284,3.438207,9.447239,-0.047645,-4.076110,4.076110,0.00006037,0.01175629,4846.080679
350,33.864637,3.440160,9.725016,-0.047691,-4.076110,4.076110,0.00006041,0.01176273,4846.080679
360,34.048890,3.442110,10.002794,-0.047735,-4.076110,4.076110,0.00006044,0.01176906,4846.080679
370,34.230096,3.444356,10.280572,-0.047775,-4.076110,4.076110,0.00006047,0.01177529,4846.080679
380,34.408304,3.446295,10.558350,-0.047813,-4.076110,4.076110,0.00006050,0.01178141,4846.080679
390,34.583564,3.447931,10.836127,-0.047849,-4.076110,4.076110,0.00006053,0.01178744,4846.080679
400,34.755925,3.450480,11.113905,-0.047883,-4.076110,4.076110,0.00006057,0.01179336,4846.080679
410,34.925435,3.452411,11.391683,-0.047915,-4.076110,4.076110,0.00006060,0.01179919,4846.080679
420,34.992473,3.454649,11.669461,-0.047946,-4.076110,4.076110,0.00006061,0.01180149,4846.080679
430,35.009190,3.456274,11.947239,-0.047971,-4.076110,4.076110,0.00006061,0.01180207,4846.080679
440,35.000879,3.459069,12.225016,-0.047993,-4.076110,4.076110,0.00006061,0.01180178,4846.080679
450,34.992581,3.461338,12.502794,-0.048011,-4.076110,4.076110,0.00006061,0.01180150,4846.080679
460,35.009296,3.463756,12.780572,-0.048026,-4.076110,4.076110,0.00006061,0.01180207,4846.080679
470,35.000983,3.465811,13.058350,-0.048039,-4.076110,4.076110,0.00006061,0.01180179,4846.080679
480,34.992683,3.468612,13.336127,-0.048049,-4.076110,4.076110,0.00006061,0.01180150,4846.080679
490,35.009397,3.470829,13.613905,-0.048058,-4.076110,4.076110,0.00006061,0.01180208,4846.080679
500,35.001082,3.473348,13.891683,-0.048066,-4.076110,4.076110,0.00006061,0.01180179,4846.080679
510,34.992781,3.476479,14.169461,-0.048072,-4.076110,4.076110,0.00006061,0.01180151,4846.080679
520,35.009493,3.479246,14.447239,-0.048078,-4.076110,4.076110,0.00006061,0.01180208,4846.080679
530,35.001177,3.482130,14.725016,-0.048082,-4.076110,4.076110,0.00006061,0.01180179,4846.080679
540,34.992874,3.485138,15.002794,-0.048086,-4.076110,4.076110,0.00006061,0.01180151,4846.080679
550,35.009584,3.488394,15.280572,-0.048089,-4.076110,4.076110,0.00006061,0.01180208,4846.080679
560,35.001267,3.491755,15.558350,-0.048092,-4.076110,4.076110,0.00006061,0.01180180,4846.080679
570,34.992962,3.495106,15.836127,-0.048094,-4.076110,4.076110,0.00006061,0.01180151,4846.080679
580,35.009671,3.498457,16.113905,-0.048096,-4.076110,4.076110,0.00006061,0.01180209,4846.080679
590,35.001352,3.501796,16.391683,-0.048097,-4.076110,4.076110,0.00006061,0.01180180,4846.080679
600,34.993046,3.505159,16.669461,-0.048099,-4.076110,4.076110,0.00006061,0.01180151,4846.080679
610,35.009754,3.508983,16.947239,-0.048100,-4.076110,4.076110,0.00006061,0.01180209,4846.080679
620,35.001433,3.512254,17.225016,-0.048101,-4.076110,4.076110,0.00006061,0.01180180,4846.080679
630,34.993126,3.515519,17.502794,-0.048101,-4.076110,4.076110,0.00006061,0.01180152,4846.080679
640,35.009832,3.519252,17.780572,-0.048102,-4.076110,4.076110,0.00006061,0.01180209,4846.080679
650,35.001510,3.521917,18.058350,-0.048103,-4.076110,4.076110,0.00006061,0.01180181,4846.080679
660,34.993202,3.525887,18.336127,-0.048103,-4.076110,4.076110,0.00006061,0.01180152,4846.080679
670,35.009907,3.529236,18.613905,-0.048103,-4.076110,4.076110,0.00006061,0.01180209,4846.080679
680,35.001584,3.532663,18.891683,-0.048104,-4.076110,4.076110,0.00006061,0.01180181,4846.080679
690,34.993274,3.536398,19.169461,-0.048104,-4.076110,4.076110,0.00006061,0.01180152,4846.080679
700,35.009978,3.540343,19.447239,-0.048104,-4.076110,4.076110,0.00006061,0.01180210,4846.080679
710,35.001654,3.544162,19.725016,-0.048104,-4.076110,4.076110,0.00006061,0.01180181,4846.080679
720,34.993343,3.547511,20.002794,-0.048105,-4.076110,4.076110,0.00006061,0.01180152,4846.080679
730,35.010046,3.551317,20.280572,-0.048105,-4.076110,4.076110,0.00006061,0.01180210,4846.080679
740,35.001720,3.555067,20.558350,-0.048105,-4.076110,4.076110,0.00006061,0.01180181,4846.080679
750,34.993409,3.558180,20.836127,-0.048105,-4.076110,4.076110,0.00006061,0.01180153,4846.080679
760,35.010110,3.561318,21.113905,-0.048105,-4.076110,4.076110,0.00006061,0.01180210,4846.080679
770,35.001784,3.564577,21.391683,-0.048105,-4.076110,4.076110,0.00006061,0.01180181,4846.080679
780,34.993471,3.567259,21.669461,-0.048105,-4.076110,4.076110,0.00006061,0.01180153,4846.080679
790,35.010171,3.570036,21.947239,-0.048105,-4.076110,4.076110,0.00006061,0.01180210,4846.080679
800,35.001844,3.572893,22.225016,-0.048105,-4.076110,4.076110,0.00006061,0.01180182,4846.080679
810,34.993530,3.575843,22.502794,-0.048105,-4.076110,4.076110,0.00006061,0.01180153,4846.080679
820,35.010230,3.578838,22.780572,-0.048105,-4.076110,4.076110,0.00006061,0.01180211,4846.080679
830,35.001901,3.581956,23.058350,-0.048105,-4.076110,4.076110,0.00006061,0.01180182,4846.080679
840,34.993586,3.584979,23.336127,-0.048105,-4.076110,4.076110,0.00006061,0.01180153,4846.080679
850,35.010285,3.588763,23.613905,-0.048105,-4.076110,4.076110,0.00006061,0.01180211,4846.080679
860,35.001955,3.591896,23.891683,-0.048105,-4.076110,4.076110,0.00006061,0.01180182,4846.080679
870,34.993640,3.595338,24.169461,-0.048105,-4.076110,4.076110,0.00006061,0.01180153,4846.080679
880,35.010338,3.598387,24.447239,-0.048105,-4.076110,4.076110,0.00006061,0.01180211,4846.080679
890,35.002007,3.601199,24.725016,-0.048105,-4.076110,4.076110,0.00006061,0.01180182,4846.080679
900,34.993691,3.604133,25.002794,-0.048105,-4.076110,4.076110,0.00006061,0.01180154,4846.080679
910,35.010388,3.606340,25.280572,-0.048105,-4.076110,4.076110,0.00006061,0.01180211,4846.080679
920,35.002057,3.608545,25.558350,-0.048106,-4.076110,4.076110,0.00006061,0.01180182,4846.080679
930,34.993739,3.610533,25.836127,-0.048105,-4.076110,4.076110,0.00006061,0.01180154,4846.080679
940,35.010435,3.612011,26.113905,-0.048106,-4.076110,4.076110,0.00006061,0.01180211,4846.080679
950,35.002103,3.614165,26.391683,-0.048106,-4.076110,4.076110,0.00006061,0.01180183,4846.080679
960,34.993785,3.615669,26.669461,-0.048106,-4.076110,4.076110,0.00006061,0.01180154,4846.080679
970,35.010481,3.617141,26.947239,-0.048106,-4.076110,4.076110,0.00006061,0.01180211,4846.080679
980,35.002148,3.618748,27.225016,-0.048106,-4.076110,4.076110,0.00006061,0.01180183,4846.080679
990,34.993829,3.620694,27.502794,-0.048106,-4.076110,4.076110,0.00006061,0.01180154,4846.080679
1000,35.010524,3.622623,27.780572,-0.048106,-4.076110,4.076110,0.00006061,0.01180212,4846.080679
1010,35.175822,3.624253,28.058350,-0.048108,-4.076110,4.076110,0.00006064,0.01180780,4846.080679
1020,35.338386,3.626035,28.336127,-0.048113,-4.076110,4.076110,0.00006067,0.01181339,4846.080679
1030,35.498260,3.627418,28.613905,-0.048122,-4.076110,4.076110,0.00006070,0.01181888,4846.080679
1040,35.655490,3.628793,28.891683,-0.048132,-4.076110,4.076110,0.00006072,0.01182429,4846.080679
1050,35.810119,3.630388,29.169461,-0.048145,-4.076110,4.076110,0.00006075,0.01182960,4846.080679
1060,35.962190,3.631574,29.447239,-0.048158,-4.076110,4.076110,0.00006078,0.01183483,4846.080679
1070,36.111746,3.633247,29.725016,-0.048173,-4.076110,4.076110,0.00006080,0.01183997,4846.080679
1080,36.258827,3.635085,30.002794,-0.048189,-4.076110,4.076110,0.00006083,0.01184502,4846.080679
1090,36.403476,3.636243,30.280572,-0.048206,-4.076110,4.076110,0.00006086,0.01185000,4846.080679
1100,36.545732,3.637722,30.558350,-0.048223,-4.076110,4.076110,0.00006088,0.01185489,4846.080679
1110,36.685634,3.639172,30.836127,-0.048241,-4.076110,4.076110,0.00006091,0.01185970,4846.080679
1120,36.823223,3.640796,31.113905,-0.048258,-4.076110,4.076110,0.00006093,0.01186443,4846.080679
1130,36.958535,3.642105,31.391683,-0.048276,-4.076110,4.076110,0.00006095,0.01186908,4846.080679
1140,37.091609,3.643275,31.669461,-0.048295,-4.076110,4.076110,0.00006098,0.01187365,4846.080679
1150,37.222481,3.644501,31.947239,-0.048313,-4.076110,4.076110,0.00006100,0.01187815,4846.080679
1160,37.351189,3.646199,32.225016,-0.048331,-4.076110,4.076110,0.00006102,0.01188257,4846.080679
1170,37.477768,3.647288,32.502794,-0.048349,-4.076110,4.076110,0.00006105,0.01188692,4846.080679
1180,37.602253,3.648824,32.780572,-0.048367,-4.076110,4.076110,0.00006107,0.01189120,4846.080679
1190,37.724678,3.650064,33.058350,-0.048385,-4.076110,4.076110,0.00006109,0.01189541,4846.080679
1200,37.845079,3.651151,33.336127,-0.048403,-4.076110,4.076110,0.00006111,0.01189955,4846.080679
1210,37.963487,3.652378,33.613905,-0.048420,-4.076110,4.076110,0.00006113,0.01190362,4846.080679
1220,38.079937,3.654070,33.891683,-0.048438,-4.076110,4.076110,0.00006115,0.01190762,4846.080679
1230,38.194461,3.655240,34.169461,-0.048455,-4.076110,4.076110,0.00006117,0.01191156,4846.080679
1240,38.307090,3.656235,34.447239,-0.048472,-4.076110,4.076110,0.00006119,0.01191543,4846.080679
1250,38.417856,3.657863,34.725016,-0.048489,-4.076110,4.076110,0.00006121,0.01191924,4846.080679
1260,38.526790,3.658721,35.002794,-0.048505,-4.076110,4.076110,0.00006123,0.01192298,4846.080679
1270,38.633922,3.660398,35.280572,-0.048522,-4.076110,4.076110,0.00006125,0.01192667,4846.080679
1280,38.739281,3.661345,35.558350,-0.048538,-4.076110,4.076110,0.00006127,0.01193029,4846.080679
1290,38.842898,3.662868,35.836127,-0.048553,-4.076110,4.076110,0.00006129,0.01193385,4846.080679
1300,38.944801,3.663968,36.113905,-0.048569,-4.076110,4.076110,0.00006130,0.01193735,4846.080679
1310,39.045018,3.665224,36.391683,-0.048584,-4.076110,4.076110,0.00006132,0.01194080,4846.080679
1320,39.143577,3.666460,36.669461,-0.048600,-4.076110,4.076110,0.00006134,0.01194419,4846.080679
1330,39.240506,3.667437,36.947239,-0.048614,-4.076110,4.076110,0.00006136,0.01194752,4846.080679
1340,39.335831,3.668629,37.225016,-0.048629,-4.076110,4.076110,0.00006137,0.01195079,4846.080679
1350,39.429580,3.669956,37.502794,-0.048644,-4.076110,4.076110,0.00006139,0.01195402,4846.080679
1360,39.521777,3.671524,37.780572,-0.048658,-4.076110,4.076110,0.00006141,0.01195719,4846.080679
1370,39.612450,3.672423,38.058350,-0.048672,-4.076110,4.076110,0.00006142,0.01196030,4846.080679
1380,39.701623,3.673834,38.336127,-0.048686,-4.076110,4.076110,0.00006144,0.01196337,4846.080679
1390,39.789320,3.674688,38.613905,-0.048699,-4.076110,4.076110,0.00006145,0.01196638,4846.080679
1400,39.875567,3.676148,38.891683,-0.048712,-4.076110,4.076110,0.00006147,0.01196935,4846.080679
1410,39.960387,3.677266,39.169461,-0.048725,-4.076110,4.076110,0.00006148,0.01197226,4846.080679
1420,40.043804,3.678422,39.447239,-0.048738,-4.076110,4.076110,0.00006150,0.01197513,4846.080679
1430,40.125842,3.679809,39.725016,-0.048751,-4.076110,4.076110,0.00006151,0.01197795,4846.080679
1440,40.206522,3.680576,40.002794,-0.048763,-4.076110,4.076110,0.00006153,0.01198072,4846.080679
1450,40.285867,3.681929,40.280572,-0.048776,-4.076110,4.076110,0.00006154,0.01198345,4846.080679
1460,40.363900,3.683039,40.558350,-0.048788,-4.076110,4.076110,0.00006156,0.01198613,4846.080679
1470,40.440642,3.684116,40.836127,-0.048800,-4.076110,4.076110,0.00006157,0.01198877,4846.080679
1480,40.516115,3.685496,41.113905,-0.048811,-4.076110,4.076110,0.00006158,0.01199136,4846.080679
1490,40.590339,3.686879,41.391683,-0.048823,-4.076110,4.076110,0.00006160,0.01199392,4846.080679
1500,40.663336,3.688214,41.669461,-0.048834,-4.076110,4.076110,0.00006161,0.01199643,4846.080679
1510,40.735124,3.689466,41.947239,-0.048845,-4.076110,4.076110,0.00006162,0.01199889,4846.080679
1520,40.805726,3.690716,42.225016,-0.048856,-4.076110,4.076110,0.00006163,0.01200132,4846.080679
1530,40.875159,3.691812,42.502794,-0.048867,-4.076110,4.076110,0.00006165,0.01200371,4846.080679
1540,40.943444,3.693841,42.780572,-0.048877,-4.076110,4.076110,0.00006166,0.01200605,4846.080679
1550,41.010599,3.695170,43.058350,-0.048888,-4.076110,4.076110,0.00006167,0.01200836,4846.080679
1560,41.076644,3.696454,43.336127,-0.048898,-4.076110,4.076110,0.00006168,0.01201063,4846.080679
1570,41.141596,3.697635,43.613905,-0.048908,-4.076110,4.076110,0.00006169,0.01201287,4846.080679
1580,41.205473,3.699304,43.891683,-0.048918,-4.076110,4.076110,0.00006170,0.01201506,4846.080679
1590,41.268294,3.700521,44.169461,-0.048928,-4.076110,4.076110,0.00006171,0.01201722,4846.080679
1600,41.330075,3.702594,44.447239,-0.048937,-4.076110,4.076110,0.00006173,0.01201934,4846.080679
1610,41.390835,3.704048,44.725016,-0.048947,-4.076110,4.076110,0.00006174,0.01202143,4846.080679
1620,41.450590,3.705200,45.002794,-0.048956,-4.076110,4.076110,0.00006175,0.01202349,4846.080679
1630,41.509356,3.706963,45.280572,-0.048965,-4.076110,4.076110,0.00006176,0.01202551,4846.080679
1640,41.567150,3.708580,45.558350,-0.048974,-4.076110,4.076110,0.00006177,0.01202749,4846.080679
1650,41.623987,3.710178,45.836127,-0.048983,-4.076110,4.076110,0.00006178,0.01202945,4846.080679
1660,41.679885,3.711640,46.113905,-0.048992,-4.076110,4.076110,0.00006179,0.01203137,4846.080679
1670,41.734858,3.713097,46.391683,-0.049000,-4.076110,4.076110,0.00006180,0.01203326,4846.080679
1680,41.788922,3.714930,46.669461,-0.049008,-4.076110,4.076110,0.00006181,0.01203512,4846.080679
1690,41.842091,3.716612,46.947239,-0.049017,-4.076110,4.076110,0.00006182,0.01203694,4846.080679
1700,41.894381,3.718825,47.225016,-0.049025,-4.076110,4.076110,0.00006183,0.01203874,4846.080679
1710,41.945806,3.720143,47.502794,-0.049033,-4.076110,4.076110,0.00006183,0.01204051,4846.080679
1720,41.996380,3.721669,47.780572,-0.049041,-4.076110,4.076110,0.00006184,0.01204225,4846.080679
1730,42.046117,3.724245,48.058350,-0.049048,-4.076110,4.076110,0.00006185,0.01204396,4846.080679
1740,42.095032,3.725335,48.336127,-0.049056,-4.076110,4.076110,0.00006186,0.01204564,4846.080679
1750,42.143138,3.726998,48.613905,-0.049063,-4.076110,4.076110,0.00006187,0.01204729,4846.080679
1760,42.190448,3.729193,48.891683,-0.049071,-4.076110,4.076110,0.00006188,0.01204892,4846.080679
1770,42.236975,3.730405,49.169461,-0.049078,-4.076110,4.076110,0.00006189,0.01205052,4846.080679
1780,42.282733,3.732371,49.447239,-0.049085,-4.076110,4.076110,0.00006189,0.01205209,4846.080679
1790,42.327733,3.734663,49.725016,-0.049092,-4.076110,4.076110,0.00006190,0.01205364,4846.080679
1800,42.371989,3.736907,50.002794,-0.049099,-4.076110,4.076110,0.00006191,0.01205516,4846.080679
1810,42.415514,3.738624,50.280572,-0.049105,-4.076110,4.076110,0.00006192,0.01205665,4846.080679
1820,42.458318,3.740626,50.558350,-0.049112,-4.076110,4.076110,0.00006193,0.01205813,4846.080679
1830,42.500414,3.742563,50.836127,-0.049119,-4.076110,4.076110,0.00006193,0.01205957,4846.080679
1840,42.541814,3.744549,51.113905,-0.049125,-4.076110,4.076110,0.00006194,0.01206100,4846.080679
1850,42.582529,3.746562,51.391683,-0.049131,-4.076110,4.076110,0.00006195,0.01206240,4846.080679
1860,42.622570,3.748778,51.669461,-0.049138,-4.076110,4.076110,0.00006195,0.01206377,4846.080679
1870,42.661949,3.750992,51.947239,-0.049144,-4.076110,4.076110,0.00006196,0.01206513,4846.080679
1880,42.700677,3.753507,52.225016,-0.049150,-4.076110,4.076110,0.00006197,0.01206646,4846.080679
1890,42.738764,3.755728,52.502794,-0.049156,-4.076110,4.076110,0.00006197,0.01206777,4846.080679
1900,42.776221,3.757939,52.780572,-0.049161,-4.076110,4.076110,0.00006198,0.01206905,4846.080679
1910,42.813058,3.760150,53.058350,-0.049167,-4.076110,4.076110,0.00006199,0.01207032,4846.080679
1920,42.849286,3.762370,53.336127,-0.049173,-4.076110,4.076110,0.00006199,0.01207157,4846.080679
1930,42.884915,3.764883,53.613905,-0.049178,-4.076110,4.076110,0.00006200,0.01207279,4846.080679
1940,42.919954,3.767287,53.891683,-0.049184,-4.076110,4.076110,0.00006201,0.01207399,4846.080679
1950,42.954414,3.770115,54.169461,-0.049189,-4.076110,4.076110,0.00006201,0.01207518,4846.080679
1960,42.988304,3.772411,54.447239,-0.049194,-4.076110,4.076110,0.00006202,0.01207634,4846.080679
1970,43.021633,3.774956,54.725016,-0.049199,-4.076110,4.076110,0.00006202,0.01207749,4846.080679
1980,43.054410,3.777477,55.002794,-0.049204,-4.076110,4.076110,0.00006203,0.01207862,4846.080679
1990,43.086646,3.780100,55.280572,-0.049209,-4.076110,4.076110,0.00006204,0.01207972,4846.080679
2000,43.118348,3.783153,55.558350,-0.049214,-4.076110,4.076110,0.00006204,0.01208081,4846.080679
2010,43.149526,3.785947,55.836127,-0.049219,-4.076110,4.076110,0.00006205,0.01208189,4846.080679
2020,43.180188,3.788640,56.113905,-0.049224,-4.076110,4.076110,0.00006205,0.01208294,4846.080679
2030,43.210343,3.791384,56.391683,-0.049229,-4.076110,4.076110,0.00006206,0.01208398,4846.080679
2040,43.239999,3.794437,56.669461,-0.049233,-4.076110,4.076110,0.00006206,0.01208500,4846.080679
2050,43.269165,3.797547,56.947239,-0.049238,-4.076110,4.076110,0.00006207,0.01208600,4846.080679
2060,43.297848,3.800844,57.225016,-0.049242,-4.076110,4.076110,0.00006207,0.01208698,4846.080679
2070,43.326056,3.804197,57.502794,-0.049247,-4.076110,4.076110,0.00006208,0.01208795,4846.080679
2080,43.353798,3.807250,57.780572,-0.049251,-4.076110,4.076110,0.00006208,0.01208891,4846.080679
2090,43.381081,3.810903,58.058350,-0.049255,-4.076110,4.076110,0.00006209,0.01208985,4846.080679
2100,43.407913,3.814734,58.336127,-0.049259,-4.076110,4.076110,0.00006209,0.01209077,4846.080679
2110,43.434301,3.818316,58.613905,-0.049263,-4.076110,4.076110,0.00006210,0.01209167,4846.080679
2120,43.460252,3.822804,58.891683,-0.049267,-4.076110,4.076110,0.00006210,0.01209257,4846.080679
2130,43.485774,3.826698,59.169461,-0.049271,-4.076110,4.076110,0.00006211,0.01209344,4846.080679
2140,43.510874,3.831189,59.447239,-0.049275,-4.076110,4.076110,0.00006211,0.01209431,4846.080679
2150,43.535559,3.835693,59.725016,-0.049279,-4.076110,4.076110,0.00006212,0.01209516,4846.080679
2160,43.559835,3.839884,60.002794,-0.049283,-4.076110,4.076110,0.00006212,0.01209599,4846.080679
2170,43.583710,3.844080,60.280572,-0.049287,-4.076110,4.076110,0.00006212,0.01209681,4846.080679
2180,43.607190,3.847968,60.558350,-0.049290,-4.076110,4.076110,0.00006213,0.01209762,4846.080679
2190,43.630281,3.851244,60.836127,-0.049294,-4.076110,4.076110,0.00006213,0.01209841,4846.080679
2200,43.652990,3.854824,61.113905,-0.049297,-4.076110,4.076110,0.00006214,0.01209919,4846.080679
2210,43.675324,3.857576,61.391683,-0.049301,-4.076110,4.076110,0.00006214,0.01209996,4846.080679
2220,43.697288,3.860638,61.669461,-0.049304,-4.076110,4.076110,0.00006214,0.01210071,4846.080679
2230,43.718889,3.863365,61.947239,-0.049308,-4.076110,4.076110,0.00006215,0.01210146,4846.080679
2240,43.740133,3.866135,62.225016,-0.049311,-4.076110,4.076110,0.00006215,0.01210219,4846.080679
2250,43.761025,3.868636,62.502794,-0.049314,-4.076110,4.076110,0.00006216,0.01210291,4846.080679
2260,43.781572,3.871152,62.780572,-0.049317,-4.076110,4.076110,0.00006216,0.01210361,4846.080679
2270,43.801779,3.873368,63.058350,-0.049320,-4.076110,4.076110,0.00006216,0.01210431,4846.080679
2280,43.821651,3.875879,63.336127,-0.049323,-4.076110,4.076110,0.00006217,0.01210499,4846.080679
2290,43.841195,3.878182,63.613905,-0.049327,-4.076110,4.076110,0.00006217,0.01210566,4846.080679
2300,43.860415,3.880915,63.891683,-0.049329,-4.076110,4.076110,0.00006217,0.01210632,4846.080679
2310,43.879318,3.883377,64.169461,-0.049332,-4.076110,4.076110,0.00006218,0.01210697,4846.080679
2320,43.897908,3.885354,64.447239,-0.049335,-4.076110,4.076110,0.00006218,0.01210761,4846.080679
2330,43.916190,3.887951,64.725016,-0.049338,-4.076110,4.076110,0.00006218,0.01210824,4846.080679
2340,43.934170,3.890063,65.002794,-0.049341,-4.076110,4.076110,0.00006219,0.01210886,4846.080679
2350,43.951853,3.892327,65.280572,-0.049344,-4.076110,4.076110,0.00006219,0.01210946,4846.080679
2360,43.969242,3.894787,65.558350,-0.049346,-4.076110,4.076110,0.00006219,0.01211006,4846.080679
2370,43.986345,3.897506,65.836127,-0.049349,-4.076110,4.076110,0.00006219,0.01211065,4846.080679
2380,44.003164,3.899698,66.113905,-0.049352,-4.076110,4.076110,0.00006220,0.01211123,4846.080679
2390,44.019705,3.902251,66.391683,-0.049354,-4.076110,4.076110,0.00006220,0.01211180,4846.080679
2400,44.035973,3.904582,66.669461,-0.049357,-4.076110,4.076110,0.00006220,0.01211236,4846.080679
2410,44.051971,3.906569,66.947239,-0.049359,-4.076110,4.076110,0.00006221,0.01211291,4846.080679
2420,44.067705,3.908663,67.225016,-0.049362,-4.076110,4.076110,0.00006221,0.01211345,4846.080679
2430,44.083179,3.911142,67.502794,-0.049364,-4.076110,4.076110,0.00006221,0.01211398,4846.080679
2440,44.098396,3.913469,67.780572,-0.049366,-4.076110,4.076110,0.00006221,0.01211450,4846.080679
2450,44.113362,3.915789,68.058350,-0.049369,-4.076110,4.076110,0.00006222,0.01211502,4846.080679
2460,44.128080,3.917810,68.336127,-0.049371,-4.076110,4.076110,0.00006222,0.01211552,4846.080679
2470,44.142555,3.919989,68.613905,-0.049373,-4.076110,4.076110,0.00006222,0.01211602,4846.080679
2480,44.156790,3.922277,68.891683,-0.049375,-4.076110,4.076110,0.00006222,0.01211651,4846.080679
2490,44.170790,3.924442,69.169461,-0.049378,-4.076110,4.076110,0.00006223,0.01211699,4846.080679
2500,44.184559,3.926345,69.447239,-0.049380,-4.076110,4.076110,0.00006223,0.01211746,4846.080679
2510,44.198099,3.928837,69.725016,-0.049382,-4.076110,4.076110,0.00006223,0.01211793,4846.080679
2520,44.211416,3.931018,70.002794,-0.049384,-4.076110,4.076110,0.00006223,0.01211839,4846.080679
2530,44.224512,3.933109,70.280572,-0.049386,-4.076110,4.076110,0.00006224,0.01211884,4846.080679
2540,44.237391,3.935184,70.558350,-0.049388,-4.076110,4.076110,0.00006224,0.01211928,4846.080679
2550,44.250058,3.937091,70.836127,-0.049390,-4.076110,4.076110,0.00006224,0.01211972,4846.080679
2560,44.262515,3.939299,71.113905,-0.049392,-4.076110,4.076110,0.00006224,0.01212014,4846.080679
2570,44.274766,3.941173,71.391683,-0.049394,-4.076110,4.076110,0.00006225,0.01212056,4846.080679
2580,44.286814,3.943413,71.669461,-0.049396,-4.076110,4.076110,0.00006225,0.01212098,4846.080679
2590,44.298663,3.945620,71.947239,-0.049397,-4.076110,4.076110,0.00006225,0.01212139,4846.080679
2600,44.310316,3.947529,72.225016,-0.049399,-4.076110,4.076110,0.00006225,0.01212179,4846.080679
2610,44.321777,3.949271,72.502794,-0.049401,-4.076110,4.076110,0.00006225,0.01212218,4846.080679
2620,44.333047,3.951257,72.780572,-0.049403,-4.076110,4.076110,0.00006226,0.01212257,4846.080679
2630,44.344131,3.953543,73.058350,-0.049405,-4.076110,4.076110,0.00006226,0.01212295,4846.080679
2640,44.355032,3.955219,73.336127,-0.049406,-4.076110,4.076110,0.00006226,0.01212332,4846.080679
2650,44.365753,3.957054,73.613905,-0.049408,-4.076110,4.076110,0.00006226,0.01212369,4846.080679
2660,44.376296,3.959261,73.891683,-0.049410,-4.076110,4.076110,0.00006226,0.01212405,4846.080679
2670,44.386665,3.961467,74.169461,-0.049411,-4.076110,4.076110,0.00006227,0.01212441,4846.080679
2680,44.396862,3.963453,74.447239,-0.049413,-4.076110,4.076110,0.00006227,0.01212476,4846.080679
2690,44.406891,3.965282,74.725016,-0.049414,-4.076110,4.076110,0.00006227,0.01212511,4846.080679
2700,44.416753,3.967651,75.002794,-0.049416,-4.076110,4.076110,0.00006227,0.01212545,4846.080679
2710,44.426453,3.969091,75.280572,-0.049417,-4.076110,4.076110,0.00006227,0.01212578,4846.080679
2720,44.435992,3.971077,75.558350,-0.049419,-4.076110,4.076110,0.00006227,0.01212611,4846.080679
2730,44.445373,3.973201,75.836127,-0.049420,-4.076110,4.076110,0.00006228,0.01212643,4846.080679
2740,44.454599,3.975040,76.113905,-0.049422,-4.076110,4.076110,0.00006228,0.01212675,4846.080679
2750,44.463673,3.977315,76.391683,-0.049423,-4.076110,4.076110,0.00006228,0.01212706,4846.080679
2760,44.472596,3.979524,76.669461,-0.049424,-4.076110,4.076110,0.00006228,0.01212737,4846.080679
2770,44.481372,3.981428,76.947239,-0.049426,-4.076110,4.076110,0.00006228,0.01212767,4846.080679
2780,44.490003,3.983583,77.225016,-0.049427,-4.076110,4.076110,0.00006228,0.01212796,4846.080679
2790,44.498490,3.985558,77.502794,-0.049428,-4.076110,4.076110,0.00006229,0.01212826,4846.080679
2800,44.506838,3.987751,77.780572,-0.049430,-4.076110,4.076110,0.00006229,0.01212854,4846.080679
2810,44.515047,3.989830,78.058350,-0.049431,-4.076110,4.076110,0.00006229,0.01212882,4846.080679
2820,44.523121,3.992224,78.336127,-0.049432,-4.076110,4.076110,0.00006229,0.01212910,4846.080679
2830,44.531061,3.994664,78.613905,-0.049434,-4.076110,4.076110,0.00006229,0.01212937,4846.080679
2840,44.538869,3.996686,78.891683,-0.049435,-4.076110,4.076110,0.00006229,0.01212964,4846.080679
2850,44.546549,3.998978,79.169461,-0.049436,-4.076110,4.076110,0.00006229,0.01212991,4846.080679
2860,44.554101,4.001269,79.447239,-0.049437,-4.076110,4.076110,0.00006230,0.01213017,4846.080679
2870,44.561529,4.003583,79.725016,-0.049438,-4.076110,4.076110,0.00006230,0.01213042,4846.080679
2880,44.568834,4.005731,80.002791,-0.049439,-4.070573,4.076110,0.00006230,0.01213067,4846.080679
2890,44.576017,4.008666,80.278657,-0.049386,-4.020659,4.076110,0.00006230,0.01213092,4846.080679
2900,44.583080,4.011086,80.551140,-0.049247,-3.971356,4.076110,0.00006230,0.01213116,4846.080679
2910,44.590025,4.013021,80.820283,-0.049037,-3.922659,4.076110,0.00006230,0.01213140,4846.080679
2920,44.596854,4.015046,81.086125,-0.048768,-3.874558,4.076110,0.00006230,0.01213164,4846.080679
2930,44.603569,4.017182,81.348707,-0.048450,-3.827047,4.076110,0.00006230,0.01213187,4846.080679
2940,44.610171,4.018890,81.608069,-0.048093,-3.780119,4.076110,0.00006230,0.01213209,4846.080679
2950,44.616664,4.020816,81.864251,-0.047703,-3.733766,4.076110,0.00006231,0.01213232,4846.080679
2960,44.623047,4.023020,82.117292,-0.047286,-3.687982,4.076110,0.00006231,0.01213254,4846.080679
2970,44.629325,4.024514,82.367229,-0.046849,-3.642759,4.076110,0.00006231,0.01213275,4846.080679
2980,44.635497,4.026603,82.614102,-0.046395,-3.598091,4.076110,0.00006231,0.01213296,4846.080679
2990,44.641566,4.028340,82.857948,-0.045928,-3.553970,4.076110,0.00006231,0.01213317,4846.080679
3000,44.647534,4.030040,83.098804,-0.045450,-3.510390,4.076110,0.00006231,0.01213338,4846.080679
3010,44.653402,4.031889,83.336706,-0.044965,-3.467345,4.076110,0.00006231,0.01213358,4846.080679
3020,44.659173,4.033359,83.571691,-0.044475,-3.424828,4.076110,0.00006231,0.01213378,4846.080679
3030,44.664847,4.035852,83.803795,-0.043982,-3.382831,4.076110,0.00006231,0.01213397,4846.080679
3040,44.670426,4.037434,84.033052,-0.043486,-3.341350,4.076110,0.00006232,0.01213417,4846.080679
3050,44.675912,4.038981,84.259498,-0.042990,-3.300378,4.076110,0.00006232,0.01213435,4846.080679
3060,44.681306,4.040796,84.483168,-0.042494,-3.259908,4.076110,0.00006232,0.01213454,4846.080679
3070,44.686611,4.042624,84.704095,-0.042000,-3.219934,4.076110,0.00006232,0.01213472,4846.080679
3080,44.691827,4.043878,84.922312,-0.041507,-3.180450,4.076110,0.00006232,0.01213490,4846.080679
3090,44.696955,4.045374,85.137854,-0.041018,-3.141451,4.076110,0.00006232,0.01213508,4846.080679
3100,44.701999,4.047151,85.350753,-0.040531,-3.102930,4.076110,0.00006232,0.01213525,4846.080679
3110,44.706958,4.049025,85.561041,-0.040048,-3.064881,4.076110,0.00006232,0.01213542,4846.080679
3120,44.711834,4.050616,85.768751,-0.039568,-3.027299,4.076110,0.00006232,0.01213559,4846.080679
3130,44.716629,4.052103,85.973914,-0.039093,-2.990177,4.076110,0.00006232,0.01213575,4846.080679
3140,44.721344,4.053769,86.176561,-0.038622,-2.953511,4.076110,0.00006232,0.01213592,4846.080679
3150,44.725980,4.055616,86.376723,-0.038156,-2.917294,4.076110,0.00006233,0.01213607,4846.080679
3160,44.730539,4.057418,86.574430,-0.037694,-2.881522,4.076110,0.00006233,0.01213623,4846.080679
3170,44.735022,4.058659,86.769713,-0.037237,-2.846188,4.076110,0.00006233,0.01213639,4846.080679
3180,44.739430,4.060525,86.962602,-0.036785,-2.811287,4.076110,0.00006233,0.01213654,4846.080679
3190,44.743765,4.062030,87.153125,-0.036338,-2.776814,4.076110,0.00006233,0.01213669,4846.080679
3200,44.748027,4.063153,87.341312,-0.035896,-2.742764,4.076110,0.00006233,0.01213683,4846.080679
3210,44.752218,4.064638,87.527192,-0.035458,-2.709132,4.076110,0.00006233,0.01213698,4846.080679
3220,44.756339,4.066124,87.710792,-0.035026,-2.675912,4.076110,0.00006233,0.01213712,4846.080679
3230,44.760392,4.067271,87.892141,-0.034599,-2.643099,4.076110,0.00006233,0.01213726,4846.080679
3240,44.764377,4.068582,88.071266,-0.034176,-2.610689,4.076110,0.00006233,0.01213739,4846.080679
3250,44.768296,4.069499,88.248195,-0.033759,-2.578676,4.076110,0.00006233,0.01213753,4846.080679
3260,44.772149,4.071192,88.422954,-0.033346,-2.547056,4.076110,0.00006233,0.01213766,4846.080679
3270,44.775938,4.072563,88.595570,-0.032939,-2.515823,4.076110,0.00006233,0.01213779,4846.080679
3280,44.779664,4.073825,88.766070,-0.032536,-2.484973,4.076110,0.00006233,0.01213792,4846.080679
3290,44.783327,4.074956,88.934478,-0.032138,-2.454502,4.076110,0.00006234,0.01213805,4846.080679
3300,44.786930,4.075887,89.100822,-0.031745,-2.424404,4.076110,0.00006234,0.01213817,4846.080679
3310,44.790473,4.077158,89.265126,-0.031356,-2.394676,4.076110,0.00006234,0.01213829,4846.080679
3320,44.793956,4.078240,89.427415,-0.030973,-2.365312,4.076110,0.00006234,0.01213841,4846.080679
3330,44.797382,4.079311,89.587715,-0.030594,-2.336307,4.076110,0.00006234,0.01213853,4846.080679
3340,44.800750,4.080367,89.746048,-0.030219,-2.307659,4.076110,0.00006234,0.01213864,4846.080679
3350,44.804063,4.080951,89.902440,-0.029849,-2.279362,4.076110,0.00006234,0.01213876,4846.080679
3360,44.807320,4.082438,90.056915,-0.029484,-2.251412,4.076110,0.00006234,0.01213887,4846.080679
3370,44.810523,4.083318,90.209495,-0.029122,-2.223805,4.076110,0.00006234,0.01213898,4846.080679
3380,44.813672,4.084461,90.360204,-0.028766,-2.196536,4.076110,0.00006234,0.01213909,4846.080679
3390,44.816769,4.085308,90.509065,-0.028413,-2.169601,4.076110,0.00006234,0.01213920,4846.080679
3400,44.819815,4.086127,90.656101,-0.028065,-2.142997,4.076110,0.00006234,0.01213930,4846.080679
3410,44.822809,4.086792,90.801334,-0.027722,-2.116719,4.076110,0.00006234,0.01213940,4846.080679
3420,44.825754,4.087508,90.944786,-0.027382,-2.090763,4.076110,0.00006234,0.01213950,4846.080679
3430,44.828650,4.088025,91.086479,-0.027047,-2.065126,4.076110,0.00006234,0.01213960,4846.080679
3440,44.831498,4.088715,91.226434,-0.026715,-2.039803,4.076110,0.00006234,0.01213970,4846.080679
3450,44.834298,4.089350,91.364673,-0.026388,-2.014790,4.076110,0.00006234,0.01213980,4846.080679
3460,44.837051,4.089848,91.501217,-0.026065,-1.990084,4.076110,0.00006234,0.01213989,4846.080679
3470,44.839759,4.090340,91.636087,-0.025745,-1.965682,4.076110,0.00006235,0.01213999,4846.080679
3480,44.842421,4.091109,91.769303,-0.025430,-1.941578,4.076110,0.00006235,0.01214008,4846.080679
3490,44.845040,4.091607,91.900885,-0.025118,-1.917770,4.076110,0.00006235,0.01214017,4846.080679
3500,44.847614,4.092244,92.030854,-0.024811,-1.894254,4.076110,0.00006235,0.01214026,4846.080679
3510,44.850146,4.092859,92.159230,-0.024507,-1.871026,4.076110,0.00006235,0.01214034,4846.080679
3520,44.852636,4.093022,92.286031,-0.024206,-1.848083,4.076110,0.00006235,0.01214043,4846.080679
3530,44.855084,4.093479,92.411277,-0.023910,-1.825421,4.076110,0.00006235,0.01214051,4846.080679
3540,44.857491,4.093931,92.534987,-0.023617,-1.803037,4.076110,0.00006235,0.01214060,4846.080679
3550,44.859859,4.094816,92.657181,-0.023327,-1.780928,4.076110,0.00006235,0.01214068,4846.080679
3560,44.862187,4.095145,92.777876,-0.023041,-1.759090,4.076110,0.00006235,0.01214076,4846.080679
3570,44.864476,4.095525,92.897091,-0.022759,-1.737520,4.076110,0.00006235,0.01214084,4846.080679
3580,44.866727,4.095682,93.014844,-0.022480,-1.716214,4.076110,0.00006235,0.01214091,4846.080679
3590,44.868941,4.096106,93.131153,-0.022205,-1.695169,4.076110,0.00006235,0.01214099,4846.080679
3600,44.871117,4.096525,93.246036,-0.021933,-1.674382,4.076110,0.00006235,0.01214106,4846.080679
3610,44.873258,4.096735,93.359511,-0.021664,-1.653851,4.076110,0.00006235,0.01214114,4846.080679
3620,44.875363,4.096808,93.471594,-0.021398,-1.633571,4.076110,0.00006235,0.01214121,4846.080679
3630,44.877433,4.097142,93.582302,-0.021136,-1.613540,4.076110,0.00006235,0.01214128,4846.080679
3640,44.879468,4.097832,93.691653,-0.020877,-1.593754,4.076110,0.00006235,0.01214135,4846.080679
3650,44.881470,4.097932,93.799663,-0.020621,-1.574211,4.076110,0.00006235,0.01214142,4846.080679
3660,44.883438,4.098004,93.906349,-0.020368,-1.554908,4.076110,0.00006235,0.01214149,4846.080679
3670,44.885374,4.098067,94.011726,-0.020119,-1.535841,4.076110,0.00006235,0.01214155,4846.080679
3680,44.887277,4.098218,94.115812,-0.019872,-1.517008,4.076110,0.00006235,0.01214162,4846.080679
3690,44.889149,4.098808,94.218621,-0.019629,-1.498406,4.076110,0.00006235,0.01214168,4846.080679
3700,44.890990,4.098876,94.320169,-0.019388,-1.480032,4.076110,0.00006235,0.01214175,4846.080679
3710,44.892800,4.098936,94.420472,-0.019150,-1.461884,4.076110,0.00006235,0.01214181,4846.080679
3720,44.894579,4.099040,94.519545,-0.018916,-1.443958,4.076110,0.00006236,0.01214187,4846.080679
3730,44.896330,4.099370,94.617403,-0.018684,-1.426252,4.076110,0.00006236,0.01214193,4846.080679
3740,44.898051,4.099440,94.714062,-0.018455,-1.408763,4.076110,0.00006236,0.01214199,4846.080679
3750,44.899743,4.099788,94.809535,-0.018229,-1.391488,4.076110,0.00006236,0.01214205,4846.080679
3760,44.901408,4.099295,94.903837,-0.018005,-1.374425,4.076110,0.00006236,0.01214211,4846.080679
3770,44.903045,4.099562,94.996983,-0.017785,-1.357572,4.076110,0.00006236,0.01214216,4846.080679
3780,44.904654,4.099665,95.088987,-0.017567,-1.340925,4.076110,0.00006236,0.01214222,4846.080679
3790,44.906237,4.099919,95.179863,-0.017351,-1.324482,4.076110,0.00006236,0.01214227,4846.080679
3800,44.907793,4.100246,95.269624,-0.017139,-1.308241,4.076110,0.00006236,0.01214232,4846.080679
3810,44.909324,4.100319,95.358285,-0.016929,-1.292199,4.076110,0.00006236,0.01214238,4846.080679
3820,44.910829,4.100195,95.445858,-0.016721,-1.276354,4.076110,0.00006236,0.01214243,4846.080679
3830,44.912309,4.100250,95.532358,-0.016516,-1.260703,4.076110,0.00006236,0.01214248,4846.080679
3840,44.913764,4.100304,95.617797,-0.016314,-1.245244,4.076110,0.00006236,0.01214253,4846.080679
3850,44.915196,4.100604,95.702188,-0.016114,-1.229974,4.076110,0.00006236,0.01214258,4846.080679
3860,44.916603,4.100718,95.785544,-0.015916,-1.214892,4.076110,0.00006236,0.01214263,4846.080679
3870,44.917987,4.100636,95.867879,-0.015721,-1.199995,4.076110,0.00006236,0.01214267,4846.080679
3880,44.919348,4.100596,95.949203,-0.015528,-1.185280,4.076110,0.00006236,0.01214272,4846.080679
3890,44.920687,4.100861,96.029531,-0.015338,-1.170746,4.076110,0.00006236,0.01214277,4846.080679
3900,44.922003,4.100672,96.108873,-0.015150,-1.156390,4.076110,0.00006236,0.01214281,4846.080679
3910,44.923297,4.100673,96.187243,-0.014964,-1.142210,4.076110,0.00006236,0.01214286,4846.080679
3920,44.924570,4.100836,96.264651,-0.014781,-1.128204,4.076110,0.00006236,0.01214290,4846.080679
3930,44.925822,4.101039,96.341111,-0.014600,-1.114370,4.076110,0.00006236,0.01214294,4846.080679
3940,44.927053,4.100860,96.416632,-0.014421,-1.100705,4.076110,0.00006236,0.01214299,4846.080679
3950,44.928263,4.101235,96.491228,-0.014244,-1.087208,4.076110,0.00006236,0.01214303,4846.080679
3960,44.929453,4.101416,96.564909,-0.014069,-1.073876,4.076110,0.00006236,0.01214307,4846.080679
3970,44.930624,4.101276,96.637687,-0.013897,-1.060708,4.076110,0.00006236,0.01214311,4846.080679
3980,44.931775,4.101539,96.709572,-0.013727,-1.047701,4.076110,0.00006236,0.01214315,4846.080679
3990,44.932907,4.101658,96.780576,-0.013558,-1.034854,4.076110,0.00006236,0.01214319,4846.080679
4000,44.934020,4.101753,96.850708,-0.013392,-1.022165,4.076110,0.00006236,0.01214323,4846.080679
4010,44.935115,4.102006,96.919981,-0.013228,-1.009631,4.076110,0.00006236,0.01214326,4846.080679
4020,44.936191,4.101777,96.988405,-0.013066,-0.997250,4.076110,0.00006236,0.01214330,4846.080679
4030,44.937250,4.101525,97.055990,-0.012906,-0.985022,4.076110,0.00006236,0.01214334,4846.080679
4040,44.938291,4.101571,97.122745,-0.012747,-0.972943,4.076110,0.00006236,0.01214337,4846.080679
4050,44.939315,4.101766,97.188683,-0.012591,-0.961013,4.076110,0.00006236,0.01214341,4846.080679
4060,44.940321,4.101916,97.253811,-0.012437,-0.949229,4.076110,0.00006236,0.01214344,4846.080679
4070,44.941311,4.101763,97.318141,-0.012284,-0.937589,4.076110,0.00006236,0.01214348,4846.080679
4080,44.942285,4.101859,97.381682,-0.012134,-0.926092,4.076110,0.00006236,0.01214351,4846.080679
4090,44.943242,4.102064,97.444445,-0.011985,-0.914736,4.076110,0.00006236,0.01214354,4846.080679
4100,44.944184,4.101726,97.506437,-0.011838,-0.903519,4.076110,0.00006236,0.01214358,4846.080679
4110,44.945109,4.101693,97.567669,-0.011693,-0.892440,4.076110,0.00006236,0.01214361,4846.080679
4120,44.946020,4.102099,97.628151,-0.011550,-0.881497,4.076110,0.00006236,0.01214364,4846.080679
4130,44.946915,4.102102,97.687891,-0.011408,-0.870688,4.076110,0.00006236,0.01214367,4846.080679
4140,44.947796,4.101976,97.746898,-0.011268,-0.860011,4.076110,0.00006236,0.01214370,4846.080679
4150,44.948661,4.102361,97.805182,-0.011130,-0.849465,4.076110,0.00006236,0.01214373,4846.080679
4160,44.949513,4.102548,97.862751,-0.010994,-0.839049,4.076110,0.00006236,0.01214376,4846.080679
4170,44.950350,4.102244,97.919614,-0.010859,-0.828760,4.076110,0.00006236,0.01214379,4846.080679
4180,44.951174,4.102196,97.975779,-0.010726,-0.818598,4.076110,0.00006237,0.01214382,4846.080679
4190,44.951983,4.102403,98.031386,-0.010598,-0.815222,4.076110,0.00006237,0.01214384,4846.080679
4200,44.952780,4.102629,98.086941,-0.010489,-0.815222,4.076110,0.00006237,0.01214387,4846.080679
4210,44.953563,4.102872,98.142497,-0.010397,-0.815222,4.076110,0.00006237,0.01214390,4846.080679
4220,44.954333,4.102982,98.198052,-0.010319,-0.815222,4.076110,0.00006237,0.01214392,4846.080679
4230,44.955091,4.103081,98.253608,-0.010254,-0.815222,4.076110,0.00006237,0.01214395,4846.080679
4240,44.955836,4.103196,98.309164,-0.010198,-0.815222,4.076110,0.00006237,0.01214398,4846.080679
4250,44.956568,4.103283,98.364719,-0.010152,-0.815222,4.076110,0.00006237,0.01214400,4846.080679
4260,44.957289,4.103243,98.420275,-0.010112,-0.815222,4.076110,0.00006237,0.01214403,4846.080679
4270,44.957997,4.103278,98.475830,-0.010079,-0.815222,4.076110,0.00006237,0.01214405,4846.080679
4280,44.958694,4.103420,98.531386,-0.010051,-0.815222,4.076110,0.00006237,0.01214407,4846.080679
4290,44.959380,4.103661,98.586941,-0.010028,-0.815222,4.076110,0.00006237,0.01214410,4846.080679
4300,44.960054,4.103976,98.642497,-0.010008,-0.815222,4.076110,0.00006237,0.01214412,4846.080679
4310,44.960716,4.104166,98.698052,-0.009991,-0.815222,4.076110,0.00006237,0.01214414,4846.080679
4320,44.961368,4.104317,98.753608,-0.009977,-0.815222,4.076110,0.00006237,0.01214417,4846.080679
4330,44.962009,4.104474,98.809164,-0.009965,-0.815222,4.076110,0.00006237,0.01214419,4846.080679
4340,44.962640,4.104653,98.864719,-0.009955,-0.815222,4.076110,0.00006237,0.01214421,4846.080679
4350,44.963260,4.104979,98.920275,-0.009946,-0.815222,4.076110,0.00006237,0.01214423,4846.080679
4360,44.963870,4.105258,98.975830,-0.009939,-0.815222,4.076110,0.00006237,0.01214425,4846.080679
4370,44.964470,4.105416,99.031386,-0.009933,-0.815222,4.076110,0.00006237,0.01214427,4846.080679
4380,44.965059,4.105655,99.086941,-0.009928,-0.815222,4.076110,0.00006237,0.01214429,4846.080679
4390,44.965639,4.105986,99.142497,-0.009924,-0.815222,4.076110,0.00006237,0.01214431,4846.080679
4400,44.966210,4.106101,99.198052,-0.009920,-0.815222,4.076110,0.00006237,0.01214433,4846.080679
4410,44.966771,4.106098,99.253608,-0.009917,-0.815222,4.076110,0.00006237,0.01214435,4846.080679
4420,44.967323,4.106372,99.309164,-0.009914,-0.815222,4.076110,0.00006237,0.01214437,4846.080679
4430,44.967865,4.106704,99.364719,-0.009912,-0.815222,4.076110,0.00006237,0.01214439,4846.080679
4440,44.968399,4.106873,99.420275,-0.009910,-0.815222,4.076110,0.00006237,0.01214441,4846.080679
4450,44.968924,4.107072,99.475830,-0.009909,-0.815222,4.076110,0.00006237,0.01214443,4846.080679
4460,44.969440,4.107405,99.531386,-0.009907,-0.815222,4.076110,0.00006237,0.01214444,4846.080679
4470,44.969947,4.107739,99.586941,-0.009906,-0.815222,4.076110,0.00006237,0.01214446,4846.080679
4480,44.970447,4.108073,99.642497,-0.009905,-0.815222,4.076110,0.00006237,0.01214448,4846.080679
4490,44.970938,4.108225,99.698052,-0.009905,-0.815222,4.076110,0.00006237,0.01214450,4846.080679
4500,44.971420,4.108225,99.753608,-0.009904,-0.815222,4.076110,0.00006237,0.01214451,4846.080679
4510,44.971895,4.108466,99.809164,-0.009903,-0.815222,4.076110,0.00006237,0.01214453,4846.080679
4520,44.972362,4.108800,99.864719,-0.009903,-0.815222,4.076110,0.00006237,0.01214454,4846.080679
4530,44.972821,4.108982,99.920275,-0.009903,-0.815222,4.076110,0.00006237,0.01214456,4846.080679
4540,44.973273,4.108059,99.975830,-0.009902,-0.815222,4.076110,0.00006237,0.01214458,4846.080679
